id_vendita,quantita,unita_misura,prezzo_totale,data_ora,id_produttore,id_prodotto,id_cliente
1,8.00,Pezzi,96.00,"2024-09-30 16:36:32",17,73,22
2,4.21,L,75.78,"2024-09-30 16:36:32",20,122,22
3,1.46,Kg,39.67,"2024-09-30 16:36:32",8,157,22
4,0.59,Kg,1.77,"2024-09-30 16:36:32",3,11,22
5,1.44,Kg,11.95,"2025-07-17 08:36:06",4,145,6
6,1.62,Kg,11.94,"2025-07-17 08:36:06",18,22,6
7,4.00,Kg,24.24,"2024-06-20 12:28:37",3,155,41
8,4.00,Pezzi,17.00,"2024-06-20 12:28:37",13,43,41
9,2.86,Kg,8.01,"2024-06-20 12:28:37",15,12,41
10,5.00,Pezzi,19.25,"2025-02-05 10:50:19",10,116,46
11,3.95,Kg,94.80,"2025-12-10 08:46:10",10,33,31
12,4.97,L,74.55,"2025-12-10 08:46:10",1,127,31
13,1.91,Kg,22.92,"2025-12-10 08:46:10",1,115,31
14,3.82,L,104.40,"2025-12-10 08:46:10",16,125,31
15,3.00,L,55.62,"2025-06-06 09:33:27",6,82,64
16,0.29,Kg,5.40,"2025-06-06 09:33:27",11,52,64
17,3.48,L,98.55,"2025-06-06 09:33:27",4,130,64
18,4.00,L,44.68,"2025-06-06 09:33:27",7,74,64
19,9.00,Pezzi,240.66,"2023-08-10 15:31:48",6,71,38
20,3.82,L,59.90,"2023-08-10 15:31:48",16,1,38
21,2.62,Kg,27.43,"2023-08-10 15:31:48",11,167,38
22,7.00,Pezzi,84.00,"2023-08-10 15:31:48",19,73,38
23,5.00,Pezzi,75.00,"2024-05-17 17:29:07",17,72,60
24,10.00,Pezzi,120.00,"2024-05-17 17:29:07",6,73,60
25,0.93,L,12.42,"2024-05-17 17:29:07",15,121,60
26,0.51,Kg,1.52,"2024-05-17 17:29:07",3,47,60
27,4.92,Kg,108.24,"2024-07-03 14:10:20",12,151,35
28,3.00,Kg,62.31,"2024-07-03 14:10:20",6,48,35
29,4.27,Kg,105.94,"2024-07-03 14:10:20",13,83,35
30,2.97,Kg,12.30,"2024-07-03 14:10:20",12,24,35
31,4.00,L,62.72,"2023-08-17 11:14:14",20,1,83
32,1.58,Kg,11.58,"2023-08-17 11:14:14",4,36,83
33,3.05,L,47.09,"2023-08-17 11:14:14",13,126,83
34,3.23,Kg,54.26,"2023-08-17 11:14:14",6,5,83
35,3.97,Kg,24.06,"2023-02-05 12:56:54",3,155,77
36,1.91,Kg,15.66,"2024-01-06 15:03:07",2,99,62
37,3.00,L,55.62,"2024-07-27 08:16:22",6,82,64
38,2.52,Kg,45.36,"2024-07-27 08:16:22",20,19,64
39,2.45,Kg,12.91,"2024-07-27 08:16:22",15,150,64
40,2.38,Kg,68.73,"2025-09-10 13:37:25",13,156,75
41,3.38,Kg,46.91,"2025-09-10 13:37:25",13,65,75
42,5.00,Kg,33.75,"2026-02-21 19:29:08",18,53,96
43,2.84,Kg,28.09,"2026-02-21 19:29:08",6,139,96
44,1.00,L,15.68,"2023-01-14 10:50:59",20,1,35
45,7.00,Pezzi,35.00,"2023-01-14 10:50:59",18,109,35
46,9.00,Pezzi,38.25,"2023-01-14 10:50:59",18,43,35
47,2.00,Pezzi,24.00,"2023-01-14 10:50:59",19,73,35
48,3.33,Kg,8.09,"2024-04-01 09:05:49",6,173,42
49,0.94,L,5.64,"2024-04-12 09:53:42",13,95,62
50,4.00,Kg,38.80,"2025-09-28 10:19:25",7,78,82
51,3.00,L,33.51,"2024-05-19 09:32:39",18,74,2
52,4.59,Kg,94.23,"2024-05-19 09:32:39",1,20,2
53,4.95,L,77.62,"2024-05-19 09:32:39",16,1,2
54,4.76,Kg,19.71,"2025-02-07 18:00:48",14,24,14
55,1.63,L,16.30,"2024-09-20 18:37:43",9,97,57
56,5.00,Kg,130.00,"2024-09-20 18:37:43",8,32,57
57,4.00,Kg,14.00,"2024-09-20 18:37:43",13,14,57
58,5.00,Kg,30.00,"2024-09-20 18:37:43",3,147,57
59,2.00,Pezzi,40.18,"2025-05-17 09:17:27",1,164,27
60,1.43,Kg,15.19,"2025-05-17 09:17:27",4,89,27
61,4.00,Pezzi,41.88,"2025-05-17 09:17:27",10,167,27
62,4.00,Kg,103.96,"2025-05-17 09:17:27",8,66,27
63,1.99,Kg,5.97,"2025-05-17 09:17:27",12,11,27
64,3.61,Kg,26.89,"2025-12-18 18:53:25",8,146,25
65,1.42,Kg,29.49,"2025-12-18 18:53:25",8,48,25
66,4.00,Pezzi,80.36,"2025-12-18 18:53:25",2,164,25
67,9.00,Pezzi,131.67,"2025-12-18 18:53:25",6,169,25
68,9.00,Pezzi,180.81,"2025-12-18 18:53:25",1,164,25
69,0.87,Kg,4.02,"2024-08-17 10:29:22",17,59,79
70,3.00,Kg,24.00,"2025-03-07 09:57:41",6,132,21
71,3.19,L,19.08,"2025-03-07 09:57:41",10,128,21
72,4.00,Kg,140.00,"2025-05-26 11:49:03",15,30,14
73,4.49,Kg,36.82,"2025-05-26 11:49:03",12,99,14
74,3.67,Kg,10.42,"2025-05-26 11:49:03",20,15,14
75,3.18,Kg,65.03,"2025-05-26 11:49:03",4,76,14
76,10.00,Pezzi,120.00,"2023-05-24 09:29:49",17,73,85
77,4.23,Kg,41.03,"2023-05-24 09:29:49",7,78,85
78,2.31,Kg,15.96,"2025-12-22 09:00:47",2,6,55
79,0.53,Kg,1.51,"2025-12-22 09:00:47",15,15,55
80,2.33,Kg,55.92,"2025-12-22 09:00:47",13,33,55
81,3.67,L,21.95,"2023-02-07 17:32:10",14,128,33
82,2.00,Pezzi,45.44,"2023-02-07 17:32:10",9,107,33
83,4.65,Kg,115.37,"2023-02-07 17:32:10",13,83,33
84,3.58,Kg,90.25,"2023-02-07 17:32:10",5,42,33
85,3.92,Kg,70.56,"2023-11-05 17:50:24",20,19,67
86,10.00,Pezzi,200.90,"2023-02-13 16:09:49",1,164,83
87,3.00,Kg,65.37,"2023-02-13 16:09:49",7,23,83
88,1.00,Kg,9.23,"2023-02-13 16:09:49",17,62,83
89,4.33,Kg,34.64,"2023-02-13 16:09:49",7,113,83
90,5.00,Pezzi,100.00,"2024-10-25 19:30:07",17,119,61
91,2.00,L,59.46,"2024-10-25 19:30:07",1,138,61
92,1.73,Kg,45.26,"2024-10-25 19:30:07",14,152,61
93,2.87,Kg,25.92,"2024-10-25 19:30:07",5,102,61
94,0.31,L,3.53,"2024-05-08 12:11:32",3,136,37
95,4.01,Kg,88.70,"2023-06-16 09:57:42",16,161,73
96,1.18,L,33.25,"2023-06-16 09:57:42",9,124,73
97,6.00,Pezzi,141.12,"2023-08-22 12:21:23",11,44,54
98,1.00,Kg,26.00,"2023-08-22 12:21:23",12,32,54
99,4.62,Kg,134.63,"2023-08-22 12:21:23",3,61,54
100,2.29,Kg,67.03,"2023-07-12 09:31:16",15,79,33
101,4.64,L,56.65,"2023-07-12 09:31:16",20,137,33
102,1.17,Kg,12.43,"2023-07-12 09:31:16",18,89,33
103,2.49,L,46.16,"2023-12-25 13:50:55",1,82,56
104,3.04,Kg,24.93,"2023-12-25 13:50:55",17,99,56
105,2.00,Kg,59.80,"2024-01-01 09:07:15",17,133,93
106,4.00,Pezzi,48.00,"2024-01-01 09:07:15",17,73,93
107,1.31,Kg,3.72,"2024-11-08 15:16:56",20,15,94
108,4.04,Kg,74.82,"2024-11-08 15:16:56",4,159,94
109,5.00,Kg,54.45,"2024-11-08 15:16:56",13,35,94
110,2.55,Kg,63.75,"2024-11-08 15:16:56",1,29,94
111,4.00,Kg,67.20,"2026-02-19 13:13:20",16,5,2
112,4.00,L,99.56,"2026-02-19 13:13:20",10,8,2
113,5.00,Kg,147.50,"2026-02-19 13:13:20",5,160,2
114,2.28,Kg,18.24,"2026-02-19 13:13:20",2,132,2
115,4.03,Kg,38.97,"2025-04-29 15:06:54",4,176,28
116,5.00,Pezzi,90.00,"2025-07-27 16:35:22",8,69,7
117,2.36,Kg,42.48,"2025-07-27 16:35:22",20,19,7
118,2.62,Kg,23.66,"2025-07-27 16:35:22",19,102,7
119,4.45,L,66.75,"2025-07-27 16:35:22",3,87,7
120,3.00,Kg,74.43,"2024-06-12 18:32:52",13,83,22
121,4.00,Kg,96.00,"2024-06-12 18:32:52",20,33,22
122,3.25,L,36.30,"2024-06-12 18:32:52",18,74,22
123,2.92,Kg,7.77,"2023-11-16 13:22:08",8,17,95
124,8.00,Pezzi,96.00,"2023-11-16 13:22:08",16,73,95
125,0.72,Kg,3.79,"2023-11-16 13:22:08",14,150,95
126,4.00,Kg,36.12,"2023-12-31 10:00:31",1,102,88
127,3.00,Kg,81.51,"2023-12-31 10:00:31",15,157,88
128,3.13,Kg,21.13,"2023-12-31 10:00:31",1,53,88
129,2.47,Kg,32.33,"2023-12-31 10:00:31",7,39,88
130,0.78,Kg,2.22,"2023-12-31 10:00:31",20,15,88
131,1.81,Kg,54.12,"2023-09-21 19:07:29",17,133,77
132,4.34,Kg,36.02,"2025-09-01 13:45:55",4,145,99
133,2.00,Kg,59.94,"2025-09-01 13:45:55",18,98,99
134,4.38,L,119.71,"2025-09-01 13:45:55",8,125,99
135,0.49,Kg,12.82,"2025-09-01 13:45:55",3,152,99
136,5.00,Kg,144.40,"2025-09-01 13:45:55",10,156,99
137,10.00,Pezzi,107.10,"2025-09-02 19:49:58",13,68,99
138,4.32,Kg,105.80,"2025-09-02 19:49:58",3,162,99
139,1.50,Kg,31.79,"2025-09-02 19:49:58",10,9,99
140,3.00,Kg,15.81,"2023-09-21 08:30:58",15,150,80
141,2.00,Pezzi,21.42,"2023-09-21 08:30:58",13,68,80
142,4.25,Kg,42.03,"2023-09-21 08:30:58",4,139,80
143,3.03,Kg,78.39,"2023-09-21 08:30:58",3,41,80
144,4.00,Kg,83.08,"2023-09-21 08:30:58",8,48,80
145,2.00,L,22.56,"2023-04-13 09:18:59",6,93,18
146,9.00,Pezzi,162.00,"2023-04-13 09:18:59",8,69,18
147,3.50,Kg,65.98,"2023-04-13 09:18:59",3,110,18
148,2.24,L,63.44,"2023-04-13 09:18:59",1,130,18
149,1.10,Kg,18.48,"2025-07-01 17:28:00",16,5,25
150,1.74,Kg,32.00,"2025-07-01 17:28:00",18,142,25
151,4.85,Kg,95.50,"2025-07-01 17:28:00",13,177,25
152,4.18,L,25.00,"2025-07-01 17:28:00",6,128,25
153,0.56,Kg,16.32,"2025-07-01 17:28:00",14,61,25
154,2.36,L,14.11,"2023-01-15 09:02:05",14,128,19
155,1.60,Kg,46.62,"2023-01-15 09:02:05",17,61,19
156,4.00,L,27.12,"2023-01-15 09:02:05",8,4,19
157,2.00,Pezzi,7.70,"2024-09-15 12:10:39",2,116,61
158,2.67,Kg,27.79,"2025-09-14 09:32:37",2,141,64
159,3.44,Kg,63.71,"2023-04-06 18:57:31",6,159,34
160,1.46,Kg,43.07,"2023-04-06 18:57:31",14,160,34
161,5.00,Pezzi,21.25,"2023-04-06 18:57:31",13,43,34
162,3.00,L,40.05,"2023-04-06 18:57:31",2,121,34
163,0.84,Kg,15.12,"2023-04-06 18:57:31",20,19,34
164,7.00,Pezzi,105.00,"2026-02-18 13:23:06",13,72,34
165,2.00,Kg,48.98,"2026-02-18 13:23:06",15,162,34
166,4.97,Kg,74.55,"2026-02-18 13:23:06",7,18,34
167,0.69,Kg,15.14,"2026-02-18 13:23:06",4,64,34
168,5.00,Kg,82.20,"2026-02-18 13:23:06",7,21,34
169,1.00,Pezzi,12.00,"2023-08-05 11:13:04",16,73,98
170,2.19,Kg,43.12,"2023-08-05 11:13:04",12,177,98
171,3.00,Kg,78.00,"2026-04-13 16:58:31",12,32,88
172,2.96,L,17.70,"2025-08-19 19:46:45",10,128,91
173,2.00,L,56.36,"2025-08-19 19:46:45",19,124,91
174,2.65,Kg,63.60,"2024-01-03 10:45:53",13,33,77
175,0.77,Kg,8.02,"2024-01-03 10:45:53",13,141,77
176,3.00,Kg,8.76,"2024-10-16 14:54:42",15,38,30
177,1.72,Kg,44.70,"2024-10-16 14:54:42",8,66,30
178,0.57,Kg,5.71,"2024-08-10 12:48:09",14,16,16
179,5.00,L,53.10,"2024-08-10 12:48:09",1,89,16
180,0.63,Kg,6.56,"2024-08-10 12:48:09",4,141,16
181,1.88,Kg,12.99,"2025-11-24 17:12:25",2,6,37
182,3.38,Kg,55.57,"2025-11-24 17:12:25",7,21,37
183,4.87,Kg,132.32,"2025-11-24 17:12:25",4,157,37
184,5.00,Kg,147.50,"2025-11-24 17:12:25",12,160,37
185,3.00,Kg,20.25,"2025-11-24 17:12:25",5,53,37
186,1.00,Pezzi,26.72,"2025-01-16 11:46:39",3,118,46
187,2.09,L,59.19,"2025-01-16 11:46:39",1,130,46
188,3.00,Kg,22.11,"2025-01-16 11:46:39",19,22,46
189,10.00,Pezzi,200.90,"2025-09-22 17:40:21",1,164,28
190,4.06,L,75.27,"2025-09-22 17:40:21",6,82,28
191,4.89,Kg,72.27,"2024-12-20 16:07:36",14,100,43
192,4.24,Kg,105.19,"2024-10-20 18:34:45",16,83,50
193,2.61,Kg,15.66,"2024-10-20 18:34:45",6,147,50
194,2.46,Kg,103.32,"2023-06-17 11:47:29",6,55,67
195,1.26,Kg,23.34,"2023-06-17 11:47:29",16,159,67
196,9.00,Pezzi,96.39,"2025-06-21 10:10:08",6,68,62
197,6.00,Pezzi,64.26,"2025-06-21 10:10:08",6,68,62
198,0.37,Kg,7.60,"2023-12-08 16:52:27",1,20,49
199,1.12,L,14.95,"2025-03-17 16:10:38",15,121,95
200,5.00,Kg,146.35,"2025-02-25 18:51:20",6,79,46
201,3.00,Kg,24.00,"2025-02-25 18:51:20",14,132,46
202,1.78,Kg,42.72,"2025-02-25 18:51:20",20,33,46
203,1.72,Kg,44.65,"2025-02-25 18:51:20",10,163,46
204,4.91,Kg,29.75,"2025-02-25 18:51:20",3,155,46
205,3.34,Kg,83.50,"2023-06-17 10:47:45",10,29,94
206,2.16,L,26.37,"2023-01-24 11:26:06",20,137,46
207,0.26,Kg,3.84,"2025-11-17 12:38:33",14,100,23
208,2.00,Kg,49.62,"2025-11-17 12:38:33",10,83,23
209,0.94,Kg,23.70,"2026-03-06 12:22:47",17,42,37
210,3.56,Kg,23.32,"2026-03-06 12:22:47",4,143,37
211,2.43,L,41.36,"2026-03-06 12:22:47",20,179,37
212,1.00,L,15.68,"2026-03-06 12:22:47",10,1,37
213,4.30,Kg,88.28,"2026-03-06 12:22:47",19,20,37
214,3.63,Kg,23.78,"2025-10-12 11:48:22",8,143,35
215,3.40,Kg,48.52,"2025-10-12 11:48:22",3,171,35
216,2.24,Kg,22.42,"2024-08-03 16:31:41",3,16,72
217,2.00,Pezzi,53.44,"2024-08-03 16:31:41",12,118,72
218,2.58,Kg,47.45,"2024-08-03 16:31:41",18,142,72
219,10.00,Pezzi,38.50,"2024-03-30 12:48:08",5,116,63
220,4.00,Pezzi,17.00,"2024-03-30 12:48:08",2,43,63
221,3.57,Kg,63.51,"2024-03-30 12:48:08",5,148,63
222,3.27,Kg,80.08,"2025-06-26 15:55:55",15,162,53
223,0.91,Kg,2.91,"2025-06-26 15:55:55",6,13,53
224,0.63,Kg,5.23,"2025-06-26 15:55:55",4,145,53
225,3.12,Kg,57.78,"2024-04-12 11:16:15",17,159,66
226,3.00,Kg,33.96,"2024-04-12 11:16:15",2,57,66
227,4.00,L,118.92,"2024-04-12 11:16:15",5,138,66
228,3.00,Kg,29.10,"2024-04-12 11:16:15",7,78,66
229,2.13,L,53.02,"2026-01-28 08:44:22",9,8,14
230,1.42,Kg,12.82,"2025-06-01 13:32:21",16,102,31
231,1.83,Kg,10.98,"2023-10-05 13:34:48",3,147,80
232,3.00,Kg,27.69,"2023-10-05 13:34:48",13,62,80
233,1.16,Kg,12.73,"2023-10-05 13:34:48",14,170,80
234,7.00,Pezzi,186.76,"2023-10-05 13:34:48",6,165,80
235,5.00,Kg,12.50,"2023-10-05 13:34:48",13,10,80
236,3.54,L,69.70,"2025-10-08 14:33:56",11,177,50
237,2.45,Kg,66.57,"2025-10-08 14:33:56",8,157,50
238,5.00,Kg,78.10,"2023-07-11 17:18:14",12,174,14
239,4.00,L,61.76,"2025-07-13 19:03:13",1,126,18
240,2.11,L,52.75,"2025-07-13 19:03:13",10,92,18
241,3.71,Kg,30.42,"2025-07-13 19:03:13",12,99,18
242,3.00,Pezzi,12.75,"2025-07-13 19:03:13",2,43,18
243,8.00,Pezzi,213.92,"2025-07-13 19:03:13",9,71,18
244,4.44,Kg,35.52,"2025-11-23 18:08:37",7,113,41
245,2.28,Kg,13.82,"2025-11-23 18:08:37",3,155,41
246,3.82,Kg,114.22,"2025-11-23 18:08:37",17,133,41
247,1.96,Kg,22.19,"2026-04-27 11:35:49",2,57,48
248,4.20,L,47.38,"2026-04-27 11:35:49",6,93,48
249,4.00,Kg,32.80,"2024-10-31 16:13:46",4,99,73
250,5.00,Kg,23.10,"2024-10-31 16:13:46",6,59,73
251,5.00,L,50.00,"2024-10-31 16:13:46",8,88,73
252,0.25,L,2.79,"2024-10-31 16:13:46",15,74,73
253,3.00,Kg,23.13,"2024-10-31 16:13:46",5,175,73
254,1.09,Kg,22.38,"2023-07-23 17:57:33",19,20,10
255,4.77,Kg,200.34,"2023-07-23 17:57:33",12,55,10
256,4.50,L,69.48,"2023-07-23 17:57:33",1,126,10
257,5.00,Kg,16.00,"2024-05-30 14:06:47",5,13,81
258,0.46,L,2.30,"2024-05-30 14:06:47",14,94,81
259,4.00,Pezzi,80.00,"2023-05-03 08:03:26",12,119,96
260,2.13,L,46.54,"2023-05-03 08:03:26",13,81,96
261,1.07,Kg,14.01,"2023-05-03 08:03:26",18,39,96
262,5.00,Pezzi,71.55,"2023-05-03 08:03:26",2,168,96
263,2.95,L,54.69,"2023-05-03 08:03:26",1,82,96
264,10.00,Pezzi,120.00,"2025-03-05 11:15:37",19,73,80
265,3.22,L,46.95,"2025-03-05 11:15:37",14,135,80
266,0.21,Kg,2.29,"2025-03-05 11:15:37",13,35,80
267,10.00,Pezzi,267.20,"2025-03-05 11:15:37",11,118,80
268,4.84,Kg,15.49,"2024-07-21 12:11:30",13,13,80
269,1.53,L,44.29,"2024-07-21 12:11:30",19,120,80
270,4.58,Kg,75.30,"2024-07-21 12:11:30",7,21,80
271,1.99,Kg,16.32,"2024-07-21 12:11:30",2,99,80
272,1.00,Pezzi,20.09,"2024-07-21 12:11:30",1,164,80
273,4.69,Kg,21.67,"2023-07-21 08:26:34",6,59,15
274,2.00,Kg,36.00,"2023-07-21 08:26:34",11,84,15
275,9.00,Pezzi,96.39,"2023-07-21 08:26:34",12,68,15
276,4.99,Kg,49.95,"2024-07-21 16:16:06",3,16,39
277,3.97,Kg,36.64,"2024-07-21 16:16:06",17,62,39
278,1.81,Kg,4.40,"2024-07-21 16:16:06",4,173,39
279,3.38,Kg,74.77,"2025-09-18 14:36:15",5,161,32
280,1.38,Pezzi,34.53,"2025-09-18 14:36:15",1,111,32
281,1.28,Kg,33.28,"2025-09-18 14:36:15",12,32,32
282,3.00,Kg,105.00,"2025-09-18 14:36:15",15,30,32
283,4.00,Kg,18.48,"2025-09-18 14:36:15",6,59,32
284,4.48,Kg,30.96,"2024-07-17 11:25:13",4,6,24
285,4.50,Kg,50.94,"2025-05-25 16:53:58",10,57,81
286,2.50,Kg,15.00,"2025-05-25 16:53:58",3,147,81
287,2.00,Kg,18.06,"2025-05-25 16:53:58",12,102,81
288,2.70,Kg,55.22,"2025-05-25 16:53:58",4,76,81
289,4.00,Kg,88.00,"2025-05-25 16:53:58",20,28,81
290,4.00,Kg,43.88,"2026-01-23 11:46:16",6,170,65
291,2.00,L,17.70,"2026-01-23 11:46:16",16,3,65
292,3.00,Pezzi,43.89,"2026-01-23 11:46:16",6,169,65
293,7.00,Pezzi,35.00,"2025-09-14 10:42:59",6,109,94
294,4.17,Kg,32.15,"2025-09-14 10:42:59",16,175,94
295,4.89,L,29.34,"2025-09-14 10:42:59",13,95,94
296,3.54,L,51.61,"2023-10-22 15:45:54",14,135,41
297,3.00,Pezzi,11.55,"2024-02-16 12:18:23",10,116,16
298,0.99,L,11.06,"2024-01-19 11:22:14",9,74,97
299,3.00,Kg,12.42,"2025-02-20 19:43:21",14,24,51
300,3.00,L,74.67,"2025-02-20 19:43:21",9,8,51
301,2.52,Kg,88.20,"2025-04-08 08:20:36",15,30,51
302,4.35,Kg,113.80,"2025-04-08 08:20:36",5,152,51
303,3.45,Kg,99.64,"2025-04-08 08:20:36",6,156,51
304,4.19,L,46.80,"2025-04-08 08:20:36",9,74,51
305,4.36,Kg,45.39,"2024-07-14 15:08:07",13,141,55
306,2.54,Kg,20.32,"2024-07-14 15:08:07",2,132,55
307,4.03,L,100.75,"2024-07-14 15:08:07",20,92,55
308,4.13,L,39.94,"2024-07-14 15:08:07",4,176,55
309,3.48,L,42.49,"2024-07-14 15:08:07",20,137,55
310,1.79,L,28.07,"2024-05-29 10:00:42",13,1,96
311,1.13,Kg,5.22,"2024-05-29 10:00:42",17,59,96
312,3.46,Pezzi,9.69,"2024-05-29 10:00:42",1,12,96
313,2.05,L,27.37,"2024-05-29 10:00:42",6,121,96
314,3.00,L,33.51,"2026-04-04 13:02:33",9,74,17
315,4.12,L,50.31,"2026-04-04 13:02:33",13,137,17
316,2.00,L,5.68,"2026-04-04 13:02:33",20,15,17
317,5.00,Pezzi,88.95,"2026-04-04 13:02:33",5,148,17
318,3.60,Kg,26.53,"2026-03-27 16:31:02",13,22,31
319,1.00,Kg,11.32,"2024-08-15 10:46:24",1,57,29
320,4.43,Kg,23.35,"2024-08-15 10:46:24",16,150,29
321,3.00,Kg,29.67,"2024-08-15 10:46:24",10,139,29
322,8.00,Pezzi,160.00,"2024-08-15 10:46:24",20,70,29
323,2.05,Kg,15.27,"2024-08-15 10:46:24",19,146,29
324,3.62,L,12.38,"2023-10-24 16:21:14",5,129,12
325,4.00,Kg,65.76,"2023-10-24 16:21:14",7,21,12
326,5.00,Pezzi,60.00,"2023-10-24 16:21:14",9,73,12
327,1.43,L,25.74,"2024-07-18 17:15:07",8,90,33
328,1.77,Kg,10.62,"2024-07-18 17:15:07",3,147,33
329,3.00,L,81.99,"2024-07-18 17:15:07",8,125,33
330,4.41,Kg,72.41,"2024-07-18 17:15:07",8,34,33
331,4.60,Kg,82.80,"2023-09-15 15:45:47",5,19,87
332,1.82,Kg,45.88,"2023-09-15 15:45:47",18,42,87
333,4.53,Kg,108.72,"2023-09-15 15:45:47",13,33,87
334,3.47,Kg,34.73,"2023-09-15 15:45:47",14,16,87
335,2.00,L,11.96,"2023-07-18 16:45:20",6,128,47
336,3.80,Kg,25.65,"2023-07-18 16:45:20",1,53,47
337,4.42,Kg,129.37,"2023-07-18 16:45:20",14,79,47
338,5.00,Kg,149.05,"2023-07-18 16:45:20",14,46,47
339,2.00,Kg,16.40,"2023-07-18 16:45:20",2,99,47
340,2.00,Pezzi,21.42,"2024-11-09 11:50:11",1,68,94
341,3.00,Kg,36.00,"2024-11-09 11:50:11",8,115,94
342,4.55,L,50.82,"2025-06-13 17:29:25",18,74,23
343,1.00,Pezzi,10.97,"2024-08-10 11:15:31",2,170,48
344,1.47,Pezzi,35.04,"2024-08-10 11:15:31",17,140,48
345,4.00,Kg,26.20,"2024-08-10 11:15:31",4,143,48
346,2.26,Kg,11.91,"2024-08-10 11:15:31",16,150,48
347,1.69,Kg,59.15,"2024-08-10 11:15:31",15,30,48
348,1.43,L,25.74,"2025-08-18 11:58:15",1,90,65
349,2.35,Pezzi,58.80,"2025-08-18 11:58:15",1,111,65
350,4.11,L,59.92,"2025-08-18 11:58:15",10,135,65
351,0.52,Pezzi,12.40,"2025-08-18 11:58:15",5,140,65
352,0.75,Kg,19.49,"2024-10-28 08:02:12",8,66,5
353,2.00,Pezzi,14.90,"2024-10-28 08:02:12",8,146,5
354,5.00,Pezzi,19.25,"2024-10-28 08:02:12",10,116,5
355,2.77,Kg,56.65,"2024-10-28 08:02:12",19,76,5
356,0.53,Pezzi,1.59,"2024-10-28 08:02:12",12,11,5
357,4.00,Pezzi,48.00,"2023-12-22 13:11:22",16,73,32
358,4.00,Kg,88.48,"2023-12-22 13:11:22",8,50,32
359,2.32,Pezzi,36.24,"2023-12-22 13:11:22",12,174,32
360,1.33,Kg,37.24,"2023-12-22 13:11:22",14,31,32
361,4.00,L,112.72,"2026-01-11 19:33:59",10,124,86
362,3.00,Kg,78.48,"2026-01-11 19:33:59",14,152,86
363,2.72,L,50.43,"2026-01-11 19:33:59",4,82,86
364,3.00,L,15.00,"2026-01-11 19:33:59",14,94,86
365,2.47,Kg,13.02,"2026-01-11 19:33:59",11,150,86
366,1.36,Kg,11.15,"2023-02-17 09:42:10",2,99,3
367,7.00,Pezzi,35.00,"2023-02-17 09:42:10",20,109,3
368,4.69,Kg,117.25,"2023-02-17 09:42:10",18,29,3
369,1.39,L,41.32,"2023-09-12 13:28:03",14,138,15
370,6.00,Pezzi,160.32,"2023-09-12 13:28:03",5,118,15
371,3.32,Kg,9.93,"2023-09-12 13:28:03",3,47,15
372,4.00,Kg,21.08,"2023-09-12 13:28:03",11,150,15
373,3.62,Kg,54.30,"2024-09-12 13:11:56",7,18,17
374,1.75,Kg,61.25,"2024-09-12 13:11:56",3,30,17
375,4.48,L,43.32,"2024-09-12 13:11:56",20,176,17
376,4.34,Kg,29.29,"2024-09-12 13:11:56",18,53,17
377,2.00,Pezzi,29.26,"2024-09-12 13:11:56",17,169,17
378,5.00,Kg,36.85,"2024-10-19 09:01:11",18,22,2
379,3.00,L,55.62,"2024-10-19 09:01:11",19,82,2
380,1.39,L,9.42,"2024-10-19 09:01:11",5,4,2
381,4.83,Kg,57.96,"2024-10-19 09:01:11",8,115,2
382,4.29,Kg,112.23,"2025-04-11 08:01:08",5,152,75
383,3.27,L,55.66,"2024-02-25 19:37:54",20,179,58
384,0.70,Kg,4.24,"2024-02-25 19:37:54",18,155,58
385,1.23,Kg,18.18,"2024-02-25 19:37:54",14,100,58
386,1.29,Kg,28.11,"2024-02-25 19:37:54",19,23,58
387,1.42,L,35.50,"2023-11-26 08:02:02",19,92,21
388,2.18,Kg,19.69,"2023-11-26 08:02:02",16,102,21
389,7.00,Pezzi,29.75,"2024-12-01 08:15:46",18,43,24
390,1.81,L,27.15,"2024-12-01 08:15:46",1,127,24
391,4.00,L,38.68,"2025-02-26 17:08:13",20,176,66
392,3.85,Kg,25.99,"2025-02-26 17:08:13",1,53,66
393,2.00,Pezzi,45.44,"2025-02-26 17:08:13",2,107,66
394,4.23,L,105.28,"2025-10-26 09:49:32",10,8,13
395,5.00,Pezzi,60.00,"2025-10-26 09:49:32",9,73,13
396,2.00,Kg,84.00,"2025-10-26 09:49:32",12,55,13
397,0.24,Kg,0.58,"2023-11-19 12:10:41",6,173,96
398,1.94,Kg,14.96,"2023-11-19 12:10:41",16,175,96
399,5.00,L,85.10,"2023-11-19 12:10:41",19,179,96
400,4.00,Kg,103.48,"2025-02-04 15:10:19",3,41,95
401,8.00,Pezzi,96.00,"2024-09-30 16:36:32",17,73,22
402,4.21,L,75.78,"2024-09-30 16:36:32",20,122,22
403,1.46,Kg,39.67,"2024-09-30 16:36:32",8,157,22
404,0.59,Kg,1.77,"2024-09-30 16:36:32",3,11,22
405,1.44,Kg,11.95,"2025-07-17 17:36:06",4,145,6
406,1.62,Kg,11.94,"2025-07-17 17:36:06",18,22,6
407,4.00,Kg,24.24,"2024-06-20 12:28:37",3,155,41
408,4.00,Pezzi,17.00,"2024-06-20 12:28:37",13,43,41
409,2.86,Kg,8.01,"2024-06-20 12:28:37",15,12,41
410,5.00,Pezzi,19.25,"2025-02-05 15:50:19",10,116,46
411,3.95,Kg,94.80,"2025-12-10 08:46:10",10,33,31
412,4.97,L,74.55,"2025-12-10 08:46:10",1,127,31
413,1.91,Kg,22.92,"2025-12-10 08:46:10",1,115,31
414,3.82,L,104.40,"2025-12-10 08:46:10",16,125,31
415,3.00,L,55.62,"2025-06-06 15:33:27",6,82,64
416,0.29,Kg,5.40,"2025-06-06 15:33:27",11,52,64
417,3.48,L,98.55,"2025-06-06 15:33:27",4,130,64
418,4.00,L,44.68,"2025-06-06 15:33:27",7,74,64
419,9.00,Pezzi,240.66,"2023-08-10 15:31:48",6,71,38
420,3.82,L,59.90,"2023-08-10 15:31:48",16,1,38
421,2.62,Kg,27.43,"2023-08-10 15:31:48",11,167,38
422,7.00,Pezzi,84.00,"2023-08-10 15:31:48",19,73,38
423,5.00,Pezzi,75.00,"2024-05-17 17:29:07",17,72,60
424,10.00,Pezzi,120.00,"2024-05-17 17:29:07",6,73,60
425,0.93,L,12.42,"2024-05-17 17:29:07",15,121,60
426,0.51,Kg,1.52,"2024-05-17 17:29:07",3,47,60
427,4.92,Kg,108.24,"2024-07-03 14:10:20",12,151,35
428,3.00,Kg,62.31,"2024-07-03 14:10:20",6,48,35
429,4.27,Kg,105.94,"2024-07-03 14:10:20",13,83,35
430,2.97,Kg,12.30,"2024-07-03 14:10:20",12,24,35
431,4.00,L,62.72,"2023-08-17 11:14:14",20,1,83
432,1.58,Kg,11.58,"2023-08-17 11:14:14",4,36,83
433,3.05,L,47.09,"2023-08-17 11:14:14",13,126,83
434,3.23,Kg,54.26,"2023-08-17 11:14:14",6,5,83
435,3.97,Kg,24.06,"2023-02-05 12:56:54",3,155,77
436,1.91,Kg,15.66,"2024-01-06 15:03:07",2,99,62
437,3.00,L,55.62,"2024-07-27 08:16:22",6,82,64
438,2.52,Kg,45.36,"2024-07-27 08:16:22",20,19,64
439,2.45,Kg,12.91,"2024-07-27 08:16:22",15,150,64
440,2.38,Kg,68.73,"2025-09-10 13:37:25",13,156,75
441,3.38,Kg,46.91,"2025-09-10 13:37:25",13,65,75
442,5.00,Kg,33.75,"2026-02-21 19:29:08",18,53,96
443,2.84,Kg,28.09,"2026-02-21 19:29:08",6,139,96
444,1.00,L,15.68,"2023-01-14 14:50:59",20,1,35
445,7.00,Pezzi,35.00,"2023-01-14 14:50:59",18,109,35
446,9.00,Pezzi,38.25,"2023-01-14 14:50:59",18,43,35
447,2.00,Pezzi,24.00,"2023-01-14 14:50:59",19,73,35
448,3.33,Kg,8.09,"2024-04-01 09:05:49",6,173,42
449,0.94,L,5.64,"2024-04-12 13:53:42",13,95,62
450,4.00,Kg,38.80,"2025-09-28 10:19:25",7,78,82
451,3.00,L,33.51,"2024-05-19 11:32:39",18,74,2
452,4.59,Kg,94.23,"2024-05-19 11:32:39",1,20,2
453,4.95,L,77.62,"2024-05-19 11:32:39",16,1,2
454,4.76,Kg,19.71,"2025-02-07 13:00:48",14,24,14
455,1.63,L,16.30,"2024-09-20 19:37:43",9,97,57
456,5.00,Kg,130.00,"2024-09-20 19:37:43",8,32,57
457,4.00,Kg,14.00,"2024-09-20 19:37:43",13,14,57
458,5.00,Kg,30.00,"2024-09-20 19:37:43",3,147,57
459,2.00,Pezzi,40.18,"2025-05-17 09:17:27",1,164,27
460,1.43,Kg,15.19,"2025-05-17 09:17:27",4,89,27
461,4.00,Kg,41.88,"2025-05-17 09:17:27",10,167,27
462,4.00,Kg,103.96,"2025-05-17 09:17:27",8,66,27
463,1.99,Kg,5.97,"2025-05-17 09:17:27",12,11,27
464,3.61,Kg,26.89,"2025-12-18 18:53:25",8,146,25
465,1.42,Kg,29.49,"2025-12-18 18:53:25",8,48,25
466,4.00,Pezzi,80.36,"2025-12-18 18:53:25",2,164,25
467,9.00,Pezzi,131.67,"2025-12-18 18:53:25",6,169,25
468,9.00,Pezzi,180.81,"2025-12-18 18:53:25",1,164,25
469,0.87,Kg,4.02,"2024-08-17 08:29:22",17,59,79
470,3.00,Kg,24.00,"2025-03-07 09:57:41",6,132,21
471,3.19,L,19.08,"2025-03-07 09:57:41",10,128,21
472,4.00,Kg,140.00,"2025-05-26 09:49:03",15,30,14
473,4.49,Kg,36.82,"2025-05-26 09:49:03",12,99,14
474,3.67,Kg,10.42,"2025-05-26 09:49:03",20,15,14
475,3.18,Kg,65.03,"2025-05-26 09:49:03",4,76,14
476,10.00,Pezzi,120.00,"2023-05-24 09:29:49",17,73,85
477,4.23,Kg,41.03,"2023-05-24 09:29:49",7,78,85
478,2.31,Kg,15.96,"2025-12-22 15:00:47",2,6,55
479,0.53,Kg,1.51,"2025-12-22 15:00:47",15,15,55
480,2.33,Kg,55.92,"2025-12-22 15:00:47",13,33,55
481,3.67,L,21.95,"2023-02-07 17:32:10",14,128,33
482,2.00,Pezzi,45.44,"2023-02-07 17:32:10",9,107,33
483,4.65,Kg,115.37,"2023-02-07 17:32:10",13,83,33
484,3.58,Kg,90.25,"2023-02-07 17:32:10",5,42,33
485,3.92,Kg,70.56,"2023-11-05 17:50:24",20,19,67
486,10.00,Pezzi,200.90,"2023-02-13 13:09:49",1,164,83
487,3.00,Kg,65.37,"2023-02-13 13:09:49",7,23,83
488,1.00,Kg,9.23,"2023-02-13 13:09:49",17,62,83
489,4.33,Kg,34.64,"2023-02-13 13:09:49",7,113,83
490,5.00,Pezzi,100.00,"2024-10-25 19:30:07",17,119,61
491,2.00,L,59.46,"2024-10-25 19:30:07",1,138,61
492,1.73,Kg,45.26,"2024-10-25 19:30:07",14,152,61
493,2.87,Kg,25.92,"2024-10-25 19:30:07",5,102,61
494,0.31,L,3.53,"2024-05-08 09:11:32",3,136,37
495,4.01,Kg,88.70,"2023-06-16 13:57:42",16,161,73
496,1.18,L,33.25,"2023-06-16 13:57:42",9,124,73
497,6.00,Pezzi,141.12,"2023-08-22 12:21:23",11,44,54
498,1.00,Kg,26.00,"2023-08-22 12:21:23",12,32,54
499,4.62,Kg,134.63,"2023-08-22 12:21:23",3,61,54
500,2.29,Kg,67.03,"2023-07-12 09:31:16",15,79,33
501,4.64,L,56.65,"2023-07-12 09:31:16",20,137,33
502,1.17,Kg,12.43,"2023-07-12 09:31:16",18,89,33
503,2.49,L,46.16,"2023-12-25 13:50:55",1,82,56
504,3.04,Kg,24.93,"2023-12-25 13:50:55",17,99,56
505,2.00,Kg,59.80,"2024-01-01 09:07:15",17,133,93
506,4.00,Pezzi,48.00,"2024-01-01 09:07:15",17,73,93
507,1.31,Kg,3.72,"2024-11-08 14:16:56",20,15,94
508,4.04,Kg,74.82,"2024-11-08 14:16:56",4,159,94
509,5.00,Kg,54.45,"2024-11-08 14:16:56",13,35,94
510,2.55,Kg,63.75,"2024-11-08 14:16:56",1,29,94
511,4.00,Kg,67.20,"2026-02-19 14:13:20",16,5,2
512,4.00,L,99.56,"2026-02-19 14:13:20",10,8,2
513,5.00,Kg,147.50,"2026-02-19 14:13:20",5,160,2
514,2.28,Kg,18.24,"2026-02-19 14:13:20",2,132,2
515,4.03,Kg,38.97,"2025-04-29 16:06:54",4,176,28
516,5.00,Pezzi,90.00,"2025-07-27 09:35:22",8,69,7
517,2.36,Kg,42.48,"2025-07-27 09:35:22",20,19,7
518,2.62,Kg,23.66,"2025-07-27 09:35:22",19,102,7
519,4.45,L,66.75,"2025-07-27 09:35:22",3,87,7
520,3.00,Kg,74.43,"2024-06-12 14:32:52",13,83,22
521,4.00,Kg,96.00,"2024-06-12 14:32:52",20,33,22
522,3.25,L,36.30,"2024-06-12 14:32:52",18,74,22
523,2.92,Kg,7.77,"2023-11-16 13:22:08",8,17,95
524,8.00,Pezzi,96.00,"2023-11-16 13:22:08",16,73,95
525,0.72,Kg,3.79,"2023-11-16 13:22:08",14,150,95
526,4.00,Kg,36.12,"2023-12-31 10:00:31",1,102,88
527,3.00,Kg,81.51,"2023-12-31 10:00:31",15,157,88
528,3.13,Kg,21.13,"2023-12-31 10:00:31",1,53,88
529,2.47,Kg,32.33,"2023-12-31 10:00:31",7,39,88
530,0.78,Kg,2.22,"2023-12-31 10:00:31",20,15,88
531,1.81,Kg,54.12,"2023-09-21 19:07:29",17,133,77
532,4.34,Kg,36.02,"2025-09-01 13:45:55",4,145,99
533,2.00,Kg,59.94,"2025-09-01 13:45:55",18,98,99
534,4.38,L,119.71,"2025-09-01 13:45:55",8,125,99
535,0.49,Kg,12.82,"2025-09-01 13:45:55",3,152,99
536,5.00,Kg,144.40,"2025-09-01 13:45:55",10,156,99
537,10.00,Pezzi,107.10,"2025-09-02 19:49:58",13,68,99
538,4.32,Kg,105.80,"2025-09-02 19:49:58",3,162,99
539,1.50,Kg,31.79,"2025-09-02 19:49:58",10,9,99
540,3.00,Kg,15.81,"2023-09-21 08:30:58",15,150,80
541,2.00,Pezzi,21.42,"2023-09-21 08:30:58",13,68,80
542,4.25,Kg,42.03,"2023-09-21 08:30:58",4,139,80
543,3.03,Kg,78.39,"2023-09-21 08:30:58",3,41,80
544,4.00,Kg,83.08,"2023-09-21 08:30:58",8,48,80
545,2.00,L,22.56,"2023-04-13 08:18:59",6,93,18
546,9.00,Pezzi,162.00,"2023-04-13 08:18:59",8,69,18
547,3.50,Kg,65.98,"2023-04-13 08:18:59",3,110,18
548,2.24,L,63.44,"2023-04-13 08:18:59",1,130,18
549,1.10,Kg,18.48,"2025-07-01 17:28:00",16,5,25
550,1.74,Kg,32.00,"2025-07-01 17:28:00",18,142,25
551,4.85,Kg,95.50,"2025-07-01 17:28:00",13,177,25
552,4.18,L,25.00,"2025-07-01 17:28:00",6,128,25
553,0.56,Kg,16.32,"2025-07-01 17:28:00",14,61,25
554,2.36,L,14.11,"2023-01-15 09:02:05",14,128,19
555,1.60,Kg,46.62,"2023-01-15 09:02:05",17,61,19
556,4.00,L,27.12,"2023-01-15 09:02:05",8,4,19
557,2.00,Pezzi,7.70,"2024-09-15 12:10:39",2,116,61
558,2.67,Kg,27.79,"2025-09-14 09:32:37",2,141,64
559,3.44,Kg,63.71,"2023-04-06 19:57:31",6,159,34
560,1.46,Kg,43.07,"2023-04-06 19:57:31",14,160,34
561,5.00,Pezzi,21.25,"2023-04-06 19:57:31",13,43,34
562,3.00,L,40.05,"2023-04-06 19:57:31",2,121,34
563,0.84,Kg,15.12,"2023-04-06 19:57:31",20,19,34
564,7.00,Pezzi,105.00,"2026-02-18 13:23:06",13,72,34
565,2.00,Kg,48.98,"2026-02-18 13:23:06",15,162,34
566,4.97,Kg,74.55,"2026-02-18 13:23:06",7,18,34
567,0.69,Kg,15.14,"2026-02-18 13:23:06",4,64,34
568,5.00,Kg,82.20,"2026-02-18 13:23:06",7,21,34
569,1.00,Pezzi,12.00,"2023-08-05 11:13:04",16,73,98
570,2.19,Kg,43.12,"2023-08-05 11:13:04",12,177,98
571,3.00,Kg,78.00,"2026-04-13 16:58:31",12,32,88
572,2.96,L,17.70,"2025-08-19 19:46:45",10,128,91
573,2.00,L,56.36,"2025-08-19 19:46:45",19,124,91
574,2.65,Kg,63.60,"2024-01-03 10:45:53",13,33,77
575,0.77,Kg,8.02,"2024-01-03 10:45:53",13,141,77
576,3.00,Kg,8.76,"2024-10-16 14:54:42",15,38,30
577,1.72,Kg,44.70,"2024-10-16 14:54:42",8,66,30
578,0.57,Kg,5.71,"2024-08-10 12:48:09",14,16,16
579,5.00,L,53.10,"2024-08-10 12:48:09",1,89,16
580,0.63,Kg,6.56,"2024-08-10 12:48:09",4,141,16
581,1.88,Kg,12.99,"2025-11-24 17:12:25",2,6,37
582,3.38,Kg,55.57,"2025-11-24 17:12:25",7,21,37
583,4.87,Kg,132.32,"2025-11-24 17:12:25",4,157,37
584,5.00,Kg,147.50,"2025-11-24 17:12:25",12,160,37
585,3.00,Kg,20.25,"2025-11-24 17:12:25",5,53,37
586,1.00,Pezzi,26.72,"2025-01-16 11:46:39",3,118,46
587,2.09,L,59.19,"2025-01-16 11:46:39",1,130,46
588,3.00,Kg,22.11,"2025-01-16 11:46:39",19,22,46
589,10.00,Pezzi,200.90,"2025-09-22 17:40:21",1,164,28
590,4.06,L,75.27,"2025-09-22 17:40:21",6,82,28
591,4.89,Kg,72.27,"2024-12-20 16:07:36",14,100,43
592,4.24,Kg,105.19,"2024-10-20 18:34:45",16,83,50
593,2.61,Kg,15.66,"2024-10-20 18:34:45",6,147,50
594,2.46,Kg,103.32,"2023-06-17 11:47:29",6,55,67
595,1.26,Kg,23.34,"2023-06-17 11:47:29",16,159,67
596,9.00,Pezzi,96.39,"2025-06-21 10:10:08",6,68,62
597,6.00,Pezzi,64.26,"2025-06-21 10:10:08",6,68,62
598,0.37,Kg,7.60,"2023-12-08 17:52:27",1,20,49
599,1.12,L,14.95,"2025-03-17 17:10:38",15,121,95
600,5.00,Kg,146.35,"2025-02-25 14:51:20",6,79,46
601,3.00,Kg,24.00,"2025-02-25 14:51:20",14,132,46
602,1.78,Kg,42.72,"2025-02-25 14:51:20",20,33,46
603,1.72,Pezzi,44.65,"2025-02-25 14:51:20",10,163,46
604,4.91,Kg,29.75,"2025-02-25 14:51:20",3,155,46
605,3.34,Kg,83.50,"2023-06-17 10:47:45",10,29,94
606,2.16,L,26.37,"2023-01-24 11:26:06",20,137,46
607,0.26,Kg,3.84,"2025-11-17 15:38:33",14,100,23
608,2.00,Kg,49.62,"2025-11-17 15:38:33",10,83,23
609,0.94,Kg,23.70,"2026-03-06 12:22:47",17,42,37
610,3.56,Kg,23.32,"2026-03-06 12:22:47",4,143,37
611,2.43,L,41.36,"2026-03-06 12:22:47",20,179,37
612,1.00,L,15.68,"2026-03-06 12:22:47",10,1,37
613,4.30,Kg,88.28,"2026-03-06 12:22:47",19,20,37
614,3.63,Kg,23.78,"2025-10-12 11:48:22",8,143,35
615,3.40,Kg,48.52,"2025-10-12 11:48:22",3,171,35
616,2.24,Kg,22.42,"2024-08-03 16:31:41",3,16,72
617,2.00,Pezzi,53.44,"2024-08-03 16:31:41",12,118,72
618,2.58,Kg,47.45,"2024-08-03 16:31:41",18,142,72
619,10.00,Pezzi,38.50,"2024-03-30 12:48:08",5,116,63
620,4.00,Pezzi,17.00,"2024-03-30 12:48:08",2,43,63
621,3.57,Kg,63.51,"2024-03-30 12:48:08",5,148,63
622,3.27,Pezzi,80.08,"2025-06-26 15:55:55",15,162,53
623,0.91,Kg,2.91,"2025-06-26 15:55:55",6,13,53
624,0.63,Kg,5.23,"2025-06-26 15:55:55",4,145,53
625,3.12,Kg,57.78,"2024-04-12 11:16:15",17,159,66
626,3.00,Kg,33.96,"2024-04-12 11:16:15",2,57,66
627,4.00,L,118.92,"2024-04-12 11:16:15",5,138,66
628,3.00,Kg,29.10,"2024-04-12 11:16:15",7,78,66
629,2.13,L,53.02,"2026-01-28 08:44:22",9,8,14
630,1.42,Kg,12.82,"2025-06-01 13:32:21",16,102,31
631,1.83,Kg,10.98,"2023-10-05 14:34:48",3,147,80
632,3.00,Kg,27.69,"2023-10-05 14:34:48",13,62,80
633,1.16,Kg,12.73,"2023-10-05 14:34:48",14,170,80
634,7.00,Pezzi,186.76,"2023-10-05 14:34:48",6,165,80
635,5.00,Kg,12.50,"2023-10-05 14:34:48",13,10,80
636,3.54,Kg,69.70,"2025-10-08 18:33:56",11,177,50
637,2.45,Kg,66.57,"2025-10-08 18:33:56",8,157,50
638,5.00,Pezzi,78.10,"2023-07-11 17:18:14",12,174,14
639,4.00,L,61.76,"2025-07-13 19:03:13",1,126,18
640,2.11,L,52.75,"2025-07-13 19:03:13",10,92,18
641,3.71,Kg,30.42,"2025-07-13 19:03:13",12,99,18
642,3.00,Pezzi,12.75,"2025-07-13 19:03:13",2,43,18
643,8.00,Pezzi,213.92,"2025-07-13 19:03:13",9,71,18
644,4.44,Kg,35.52,"2025-11-23 18:08:37",7,113,41
645,2.28,Kg,13.82,"2025-11-23 18:08:37",3,155,41
646,3.82,Kg,114.22,"2025-11-23 18:08:37",17,133,41
647,1.96,Kg,22.19,"2026-04-27 11:35:49",2,57,48
648,4.20,L,47.38,"2026-04-27 11:35:49",6,93,48
649,4.00,Kg,32.80,"2024-10-31 16:13:46",4,99,73
650,5.00,Kg,23.10,"2024-10-31 16:13:46",6,59,73
651,5.00,L,50.00,"2024-10-31 16:13:46",8,88,73
652,0.25,L,2.79,"2024-10-31 16:13:46",15,74,73
653,3.00,Pezzi,23.13,"2024-10-31 16:13:46",5,175,73
654,1.09,Kg,22.38,"2023-07-23 17:57:33",19,20,10
655,4.77,Kg,200.34,"2023-07-23 17:57:33",12,55,10
656,4.50,L,69.48,"2023-07-23 17:57:33",1,126,10
657,5.00,Kg,16.00,"2024-05-30 12:06:47",5,13,81
658,0.46,L,2.30,"2024-05-30 12:06:47",14,94,81
659,4.00,Pezzi,80.00,"2023-05-03 08:03:26",12,119,96
660,2.13,L,46.54,"2023-05-03 08:03:26",13,81,96
661,1.07,Kg,14.01,"2023-05-03 08:03:26",18,39,96
662,5.00,Pezzi,71.55,"2023-05-03 08:03:26",2,168,96
663,2.95,L,54.69,"2023-05-03 08:03:26",1,82,96
664,10.00,Pezzi,120.00,"2025-03-05 11:15:37",19,73,80
665,3.22,L,46.95,"2025-03-05 11:15:37",14,135,80
666,0.21,Kg,2.29,"2025-03-05 11:15:37",13,35,80
667,10.00,Pezzi,267.20,"2025-03-05 11:15:37",11,118,80
668,4.84,Kg,15.49,"2024-07-21 17:11:30",13,13,80
669,1.53,L,44.29,"2024-07-21 17:11:30",19,120,80
670,4.58,Kg,75.30,"2024-07-21 17:11:30",7,21,80
671,1.99,Kg,16.32,"2024-07-21 17:11:30",2,99,80
672,1.00,Pezzi,20.09,"2024-07-21 17:11:30",1,164,80
673,4.69,Kg,21.67,"2023-07-21 08:26:34",6,59,15
674,2.00,Kg,36.00,"2023-07-21 08:26:34",11,84,15
675,9.00,Pezzi,96.39,"2023-07-21 08:26:34",12,68,15
676,4.99,Kg,49.95,"2024-07-21 16:16:06",3,16,39
677,3.97,Kg,36.64,"2024-07-21 16:16:06",17,62,39
678,1.81,Kg,4.40,"2024-07-21 16:16:06",4,173,39
679,3.38,Pezzi,74.77,"2025-09-18 09:36:15",5,161,32
680,1.38,Pezzi,34.53,"2025-09-18 09:36:15",1,111,32
681,1.28,Kg,33.28,"2025-09-18 09:36:15",12,32,32
682,3.00,Kg,105.00,"2025-09-18 09:36:15",15,30,32
683,4.00,Kg,18.48,"2025-09-18 09:36:15",6,59,32
684,4.48,L,30.96,"2024-07-17 16:25:13",4,6,24
685,4.50,Kg,50.94,"2025-05-25 16:53:58",10,57,81
686,2.50,Kg,15.00,"2025-05-25 16:53:58",3,147,81
687,2.00,Kg,18.06,"2025-05-25 16:53:58",12,102,81
688,2.70,Kg,55.22,"2025-05-25 16:53:58",4,76,81
689,4.00,Kg,88.00,"2025-05-25 16:53:58",20,28,81
690,4.00,Kg,43.88,"2026-01-23 11:46:16",6,170,65
691,2.00,L,17.70,"2026-01-23 11:46:16",16,3,65
692,3.00,Pezzi,43.89,"2026-01-23 11:46:16",6,169,65
693,7.00,Pezzi,35.00,"2025-09-14 10:42:59",6,109,94
694,4.17,Pezzi,32.15,"2025-09-14 10:42:59",16,175,94
695,4.89,L,29.34,"2025-09-14 10:42:59",13,95,94
696,3.54,L,51.61,"2023-10-22 13:45:54",14,135,41
697,3.00,Pezzi,11.55,"2024-02-16 12:18:23",10,116,16
698,0.99,L,11.06,"2024-01-19 11:22:14",9,74,97
699,3.00,Kg,12.42,"2025-02-20 19:43:21",14,24,51
700,3.00,L,74.67,"2025-02-20 19:43:21",9,8,51
701,8.00,Pezzi,96.00,"2024-09-30 16:36:32",17,73,22
702,4.21,L,75.78,"2024-09-30 16:36:32",20,122,22
703,1.46,Kg,39.67,"2024-09-30 16:36:32",8,157,22
704,0.59,Kg,1.77,"2024-09-30 16:36:32",3,11,22
705,1.44,Kg,11.95,"2025-07-17 18:36:06",4,145,6
706,1.62,Kg,11.94,"2025-07-17 18:36:06",18,22,6
707,4.00,Kg,24.24,"2024-06-20 12:28:37",3,155,41
708,4.00,Pezzi,17.00,"2024-06-20 12:28:37",13,43,41
709,2.86,Kg,8.01,"2024-06-20 12:28:37",15,12,41
710,5.00,Pezzi,19.25,"2025-02-05 18:50:19",10,116,46
711,3.95,Kg,94.80,"2025-12-10 08:46:10",10,33,31
712,4.97,L,74.55,"2025-12-10 08:46:10",1,127,31
713,1.91,Kg,22.92,"2025-12-10 08:46:10",1,115,31
714,3.82,L,104.40,"2025-12-10 08:46:10",16,125,31
715,3.00,L,55.62,"2025-06-06 18:33:27",6,82,64
716,0.29,Kg,5.40,"2025-06-06 18:33:27",11,52,64
717,3.48,L,98.55,"2025-06-06 18:33:27",4,130,64
718,4.00,L,44.68,"2025-06-06 18:33:27",7,74,64
719,9.00,Pezzi,240.66,"2023-08-10 15:31:48",6,71,38
720,3.82,L,59.90,"2023-08-10 15:31:48",16,1,38
721,2.62,Kg,27.43,"2023-08-10 15:31:48",11,167,38
722,7.00,Pezzi,84.00,"2023-08-10 15:31:48",19,73,38
723,5.00,Pezzi,75.00,"2024-05-17 17:29:07",17,72,60
724,10.00,Pezzi,120.00,"2024-05-17 17:29:07",6,73,60
725,0.93,L,12.42,"2024-05-17 17:29:07",15,121,60
726,0.51,Kg,1.52,"2024-05-17 17:29:07",3,47,60
727,4.92,Kg,108.24,"2024-07-03 14:10:20",12,151,35
728,3.00,Kg,62.31,"2024-07-03 14:10:20",6,48,35
729,4.27,Kg,105.94,"2024-07-03 14:10:20",13,83,35
730,2.97,Kg,12.30,"2024-07-03 14:10:20",12,24,35
731,4.00,L,62.72,"2023-08-17 09:14:14",20,1,83
732,1.58,Kg,11.58,"2023-08-17 09:14:14",4,36,83
733,3.05,L,47.09,"2023-08-17 09:14:14",13,126,83
734,3.23,Kg,54.26,"2023-08-17 09:14:14",6,5,83
735,3.97,Kg,24.06,"2023-02-05 12:56:54",3,155,77
736,1.91,Kg,15.66,"2024-01-06 15:03:07",2,99,62
737,3.00,L,55.62,"2024-07-27 08:16:22",6,82,64
738,2.52,Kg,45.36,"2024-07-27 08:16:22",20,19,64
739,2.45,Kg,12.91,"2024-07-27 08:16:22",15,150,64
740,2.38,Kg,68.73,"2025-09-10 13:37:25",13,156,75
741,3.38,Kg,46.91,"2025-09-10 13:37:25",13,65,75
742,5.00,Kg,33.75,"2026-02-21 18:29:08",18,53,96
743,2.84,Kg,28.09,"2026-02-21 18:29:08",6,139,96
744,1.00,L,15.68,"2023-01-14 14:50:59",20,1,35
745,7.00,Pezzi,35.00,"2023-01-14 14:50:59",18,109,35
746,9.00,Pezzi,38.25,"2023-01-14 14:50:59",18,43,35
747,2.00,Pezzi,24.00,"2023-01-14 14:50:59",19,73,35
748,3.33,Kg,8.09,"2024-04-01 09:05:49",6,173,42
749,0.94,L,5.64,"2024-04-12 13:53:42",13,95,62
750,4.00,Kg,38.80,"2025-09-28 10:19:25",7,78,82
751,3.00,L,33.51,"2024-05-19 11:32:39",18,74,2
752,4.59,Kg,94.23,"2024-05-19 11:32:39",1,20,2
753,4.95,L,77.62,"2024-05-19 11:32:39",16,1,2
754,4.76,Kg,19.71,"2025-02-07 16:00:48",14,24,14
755,1.63,L,16.30,"2024-09-20 17:37:43",9,97,57
756,5.00,Kg,130.00,"2024-09-20 17:37:43",8,32,57
757,4.00,Kg,14.00,"2024-09-20 17:37:43",13,14,57
758,5.00,Kg,30.00,"2024-09-20 17:37:43",3,147,57
759,2.00,Pezzi,40.18,"2025-05-17 16:17:27",1,164,27
760,1.43,Kg,15.19,"2025-05-17 16:17:27",4,89,27
761,4.00,Kg,41.88,"2025-05-17 16:17:27",10,167,27
762,4.00,Kg,103.96,"2025-05-17 16:17:27",8,66,27
763,1.99,Kg,5.97,"2025-05-17 16:17:27",12,11,27
764,3.61,Kg,26.89,"2025-12-18 18:53:25",8,146,25
765,1.42,Kg,29.49,"2025-12-18 18:53:25",8,48,25
766,4.00,Pezzi,80.36,"2025-12-18 18:53:25",2,164,25
767,9.00,Pezzi,131.67,"2025-12-18 18:53:25",6,169,25
768,9.00,Pezzi,180.81,"2025-12-18 18:53:25",1,164,25
769,0.87,Kg,4.02,"2024-08-17 11:29:22",17,59,79
770,3.00,Kg,24.00,"2025-03-07 09:57:41",6,132,21
771,3.19,L,19.08,"2025-03-07 09:57:41",10,128,21
772,4.00,Kg,140.00,"2025-05-26 11:49:03",15,30,14
773,4.49,Kg,36.82,"2025-05-26 11:49:03",12,99,14
774,3.67,Kg,10.42,"2025-05-26 11:49:03",20,15,14
775,3.18,Kg,65.03,"2025-05-26 11:49:03",4,76,14
776,10.00,Pezzi,120.00,"2023-05-24 09:29:49",17,73,85
777,4.23,Kg,41.03,"2023-05-24 09:29:49",7,78,85
778,2.31,Kg,15.96,"2025-12-22 15:00:47",2,6,55
779,0.53,Kg,1.51,"2025-12-22 15:00:47",15,15,55
780,2.33,Kg,55.92,"2025-12-22 15:00:47",13,33,55
781,3.67,L,21.95,"2023-02-07 11:32:10",14,128,33
782,2.00,Pezzi,45.44,"2023-02-07 11:32:10",9,107,33
783,4.65,Kg,115.37,"2023-02-07 11:32:10",13,83,33
784,3.58,Kg,90.25,"2023-02-07 11:32:10",5,42,33
785,3.92,Kg,70.56,"2023-11-05 17:50:24",20,19,67
786,10.00,Pezzi,200.90,"2023-02-13 11:09:49",1,164,83
787,3.00,Kg,65.37,"2023-02-13 11:09:49",7,23,83
788,1.00,Kg,9.23,"2023-02-13 11:09:49",17,62,83
789,4.33,Kg,34.64,"2023-02-13 11:09:49",7,113,83
790,5.00,Pezzi,100.00,"2024-10-25 19:30:07",17,119,61
791,2.00,L,59.46,"2024-10-25 19:30:07",1,138,61
792,1.73,Kg,45.26,"2024-10-25 19:30:07",14,152,61
793,2.87,Kg,25.92,"2024-10-25 19:30:07",5,102,61
794,0.31,L,3.53,"2024-05-08 08:11:32",3,136,37
795,4.01,Kg,88.70,"2023-06-16 08:57:42",16,161,73
796,1.18,L,33.25,"2023-06-16 08:57:42",9,124,73
797,6.00,Pezzi,141.12,"2023-08-22 12:21:23",11,44,54
798,1.00,Kg,26.00,"2023-08-22 12:21:23",12,32,54
799,4.62,Kg,134.63,"2023-08-22 12:21:23",3,61,54
800,2.29,Kg,67.03,"2023-07-12 09:31:16",15,79,33
801,4.64,L,56.65,"2023-07-12 09:31:16",20,137,33
802,1.17,Kg,12.43,"2023-07-12 09:31:16",18,89,33
803,2.49,L,46.16,"2023-12-25 13:50:55",1,82,56
804,3.04,Kg,24.93,"2023-12-25 13:50:55",17,99,56
805,2.00,Kg,59.80,"2024-01-01 09:07:15",17,133,93
806,4.00,Pezzi,48.00,"2024-01-01 09:07:15",17,73,93
807,1.31,Kg,3.72,"2024-11-08 11:16:56",20,15,94
808,4.04,Kg,74.82,"2024-11-08 11:16:56",4,159,94
809,5.00,Kg,54.45,"2024-11-08 11:16:56",13,35,94
810,2.55,Kg,63.75,"2024-11-08 11:16:56",1,29,94
811,4.00,Kg,67.20,"2026-02-19 14:13:20",16,5,2
812,4.00,L,99.56,"2026-02-19 14:13:20",10,8,2
813,5.00,Kg,147.50,"2026-02-19 14:13:20",5,160,2
814,2.28,Kg,18.24,"2026-02-19 14:13:20",2,132,2
815,4.03,Kg,38.97,"2025-04-29 12:06:54",4,176,28
816,5.00,Pezzi,90.00,"2025-07-27 11:35:22",8,69,7
817,2.36,Kg,42.48,"2025-07-27 11:35:22",20,19,7
818,2.62,Kg,23.66,"2025-07-27 11:35:22",19,102,7
819,4.45,L,66.75,"2025-07-27 11:35:22",3,87,7
820,3.00,Kg,74.43,"2024-06-12 12:32:52",13,83,22
821,4.00,Kg,96.00,"2024-06-12 12:32:52",20,33,22
822,3.25,L,36.30,"2024-06-12 12:32:52",18,74,22
823,2.92,Kg,7.77,"2023-11-16 13:22:08",8,17,95
824,8.00,Pezzi,96.00,"2023-11-16 13:22:08",16,73,95
825,0.72,Kg,3.79,"2023-11-16 13:22:08",14,150,95
826,4.00,Kg,36.12,"2023-12-31 10:00:31",1,102,88
827,3.00,Kg,81.51,"2023-12-31 10:00:31",15,157,88
828,3.13,Kg,21.13,"2023-12-31 10:00:31",1,53,88
829,2.47,Kg,32.33,"2023-12-31 10:00:31",7,39,88
830,0.78,Kg,2.22,"2023-12-31 10:00:31",20,15,88
831,1.81,Kg,54.12,"2023-09-21 19:07:29",17,133,77
832,4.34,Kg,36.02,"2025-09-01 13:45:55",4,145,99
833,2.00,Kg,59.94,"2025-09-01 13:45:55",18,98,99
834,4.38,L,119.71,"2025-09-01 13:45:55",8,125,99
835,0.49,Kg,12.82,"2025-09-01 13:45:55",3,152,99
836,5.00,Kg,144.40,"2025-09-01 13:45:55",10,156,99
837,10.00,Pezzi,107.10,"2025-09-02 19:49:58",13,68,99
838,4.32,Kg,105.80,"2025-09-02 19:49:58",3,162,99
839,1.50,Kg,31.79,"2025-09-02 19:49:58",10,9,99
840,3.00,Kg,15.81,"2023-09-21 08:30:58",15,150,80
841,2.00,Pezzi,21.42,"2023-09-21 08:30:58",13,68,80
842,4.25,Kg,42.03,"2023-09-21 08:30:58",4,139,80
843,3.03,Kg,78.39,"2023-09-21 08:30:58",3,41,80
844,4.00,Kg,83.08,"2023-09-21 08:30:58",8,48,80
845,2.00,L,22.56,"2023-04-13 09:18:59",6,93,18
846,9.00,Pezzi,162.00,"2023-04-13 09:18:59",8,69,18
847,3.50,Kg,65.98,"2023-04-13 09:18:59",3,110,18
848,2.24,L,63.44,"2023-04-13 09:18:59",1,130,18
849,1.10,Kg,18.48,"2025-07-01 17:28:00",16,5,25
850,1.74,Kg,32.00,"2025-07-01 17:28:00",18,142,25
851,4.85,Kg,95.50,"2025-07-01 17:28:00",13,177,25
852,4.18,L,25.00,"2025-07-01 17:28:00",6,128,25
853,0.56,Kg,16.32,"2025-07-01 17:28:00",14,61,25
854,2.36,L,14.11,"2023-01-15 09:02:05",14,128,19
855,1.60,Kg,46.62,"2023-01-15 09:02:05",17,61,19
856,4.00,L,27.12,"2023-01-15 09:02:05",8,4,19
857,2.00,Pezzi,7.70,"2024-09-15 12:10:39",2,116,61
858,2.67,Kg,27.79,"2025-09-14 09:32:37",2,141,64
859,3.44,Kg,63.71,"2023-04-06 11:57:31",6,159,34
860,1.46,Kg,43.07,"2023-04-06 11:57:31",14,160,34
861,5.00,Pezzi,21.25,"2023-04-06 11:57:31",13,43,34
862,3.00,L,40.05,"2023-04-06 11:57:31",2,121,34
863,0.84,Kg,15.12,"2023-04-06 11:57:31",20,19,34
864,7.00,Pezzi,105.00,"2026-02-18 13:23:06",13,72,34
865,2.00,Kg,48.98,"2026-02-18 13:23:06",15,162,34
866,4.97,Kg,74.55,"2026-02-18 13:23:06",7,18,34
867,0.69,Kg,15.14,"2026-02-18 13:23:06",4,64,34
868,5.00,Kg,82.20,"2026-02-18 13:23:06",7,21,34
869,1.00,Pezzi,12.00,"2023-08-05 16:13:04",16,73,98
870,2.19,Kg,43.12,"2023-08-05 16:13:04",12,177,98
871,3.00,Kg,78.00,"2026-04-13 16:58:31",12,32,88
872,2.96,L,17.70,"2025-08-19 19:46:45",10,128,91
873,2.00,L,56.36,"2025-08-19 19:46:45",19,124,91
874,2.65,Kg,63.60,"2024-01-03 10:45:53",13,33,77
875,0.77,Kg,8.02,"2024-01-03 10:45:53",13,141,77
876,3.00,Kg,8.76,"2024-10-16 14:54:42",15,38,30
877,1.72,Kg,44.70,"2024-10-16 14:54:42",8,66,30
878,0.57,Kg,5.71,"2024-08-10 12:48:09",14,16,16
879,5.00,L,53.10,"2024-08-10 12:48:09",1,89,16
880,0.63,Kg,6.56,"2024-08-10 12:48:09",4,141,16
881,1.88,Kg,12.99,"2025-11-24 17:12:25",2,6,37
882,3.38,Kg,55.57,"2025-11-24 17:12:25",7,21,37
883,4.87,Kg,132.32,"2025-11-24 17:12:25",4,157,37
884,5.00,Kg,147.50,"2025-11-24 17:12:25",12,160,37
885,3.00,Kg,20.25,"2025-11-24 17:12:25",5,53,37
886,1.00,Pezzi,26.72,"2025-01-16 11:46:39",3,118,46
887,2.09,L,59.19,"2025-01-16 11:46:39",1,130,46
888,3.00,Kg,22.11,"2025-01-16 11:46:39",19,22,46
889,10.00,Pezzi,200.90,"2025-09-22 17:40:21",1,164,28
890,4.06,L,75.27,"2025-09-22 17:40:21",6,82,28
891,4.89,Kg,72.27,"2024-12-20 16:07:36",14,100,43
892,4.24,Kg,105.19,"2024-10-20 18:34:45",16,83,50
893,2.61,Kg,15.66,"2024-10-20 18:34:45",6,147,50
894,2.46,Kg,103.32,"2023-06-17 11:47:29",6,55,67
895,1.26,Kg,23.34,"2023-06-17 11:47:29",16,159,67
896,9.00,Pezzi,96.39,"2025-06-21 10:10:08",6,68,62
897,6.00,Pezzi,64.26,"2025-06-21 10:10:08",6,68,62
898,0.37,Kg,7.60,"2023-12-08 18:52:27",1,20,49
899,1.12,L,14.95,"2025-03-17 18:10:38",15,121,95
900,5.00,Kg,146.35,"2025-02-25 19:51:20",6,79,46
901,3.00,Kg,24.00,"2025-02-25 19:51:20",14,132,46
902,1.78,Kg,42.72,"2025-02-25 19:51:20",20,33,46
903,1.72,Pezzi,44.65,"2025-02-25 19:51:20",10,163,46
904,4.91,Kg,29.75,"2025-02-25 19:51:20",3,155,46
905,3.34,Kg,83.50,"2023-06-17 10:47:45",10,29,94
906,2.16,L,26.37,"2023-01-24 12:26:06",20,137,46
907,0.26,Kg,3.84,"2025-11-17 15:38:33",14,100,23
908,2.00,Kg,49.62,"2025-11-17 15:38:33",10,83,23
909,0.94,Kg,23.70,"2026-03-06 12:22:47",17,42,37
910,3.56,Kg,23.32,"2026-03-06 12:22:47",4,143,37
911,2.43,L,41.36,"2026-03-06 12:22:47",20,179,37
912,1.00,L,15.68,"2026-03-06 12:22:47",10,1,37
913,4.30,Kg,88.28,"2026-03-06 12:22:47",19,20,37
914,3.63,Kg,23.78,"2025-10-12 11:48:22",8,143,35
915,3.40,Kg,48.52,"2025-10-12 11:48:22",3,171,35
916,2.24,Kg,22.42,"2024-08-03 16:31:41",3,16,72
917,2.00,Pezzi,53.44,"2024-08-03 16:31:41",12,118,72
918,2.58,Kg,47.45,"2024-08-03 16:31:41",18,142,72
919,10.00,Pezzi,38.50,"2024-03-30 12:48:08",5,116,63
920,4.00,Pezzi,17.00,"2024-03-30 12:48:08",2,43,63
921,3.57,Kg,63.51,"2024-03-30 12:48:08",5,148,63
922,3.27,Pezzi,80.08,"2025-06-26 15:55:55",15,162,53
923,0.91,Kg,2.91,"2025-06-26 15:55:55",6,13,53
924,0.63,Kg,5.23,"2025-06-26 15:55:55",4,145,53
925,3.12,Kg,57.78,"2024-04-12 11:16:15",17,159,66
926,3.00,Kg,33.96,"2024-04-12 11:16:15",2,57,66
927,4.00,L,118.92,"2024-04-12 11:16:15",5,138,66
928,3.00,Kg,29.10,"2024-04-12 11:16:15",7,78,66
929,2.13,L,53.02,"2026-01-28 08:44:22",9,8,14
930,1.42,Kg,12.82,"2025-06-01 13:32:21",16,102,31
931,1.83,Kg,10.98,"2023-10-05 13:34:48",3,147,80
932,3.00,Kg,27.69,"2023-10-05 13:34:48",13,62,80
933,1.16,Kg,12.73,"2023-10-05 13:34:48",14,170,80
934,7.00,Pezzi,186.76,"2023-10-05 13:34:48",6,165,80
935,5.00,Kg,12.50,"2023-10-05 13:34:48",13,10,80
936,3.54,Kg,69.70,"2025-10-08 14:33:56",11,177,50
937,2.45,Kg,66.57,"2025-10-08 14:33:56",8,157,50
938,5.00,Pezzi,78.10,"2023-07-11 17:18:14",12,174,14
939,4.00,L,61.76,"2025-07-13 11:03:13",1,126,18
940,2.11,L,52.75,"2025-07-13 11:03:13",10,92,18
941,3.71,Kg,30.42,"2025-07-13 11:03:13",12,99,18
942,3.00,Pezzi,12.75,"2025-07-13 11:03:13",2,43,18
943,8.00,Pezzi,213.92,"2025-07-13 11:03:13",9,71,18
944,4.44,Kg,35.52,"2025-11-23 18:08:37",7,113,41
945,2.28,Kg,13.82,"2025-11-23 18:08:37",3,155,41
946,3.82,Kg,114.22,"2025-11-23 18:08:37",17,133,41
947,1.96,Kg,22.19,"2026-04-27 11:35:49",2,57,48
948,4.20,L,47.38,"2026-04-27 11:35:49",6,93,48
949,4.00,Kg,32.80,"2024-10-31 16:13:46",4,99,73
950,5.00,Kg,23.10,"2024-10-31 16:13:46",6,59,73
951,5.00,L,50.00,"2024-10-31 16:13:46",8,88,73
952,0.25,L,2.79,"2024-10-31 16:13:46",15,74,73
953,3.00,Kg,23.13,"2024-10-31 16:13:46",5,175,73
954,1.09,Kg,22.38,"2023-07-23 17:57:33",19,20,10
955,4.77,Kg,200.34,"2023-07-23 17:57:33",12,55,10
956,4.50,L,69.48,"2023-07-23 17:57:33",1,126,10
957,5.00,Kg,16.00,"2024-05-30 14:06:47",5,13,81
958,0.46,L,2.30,"2024-05-30 14:06:47",14,94,81
959,4.00,Pezzi,80.00,"2023-05-03 08:03:26",12,119,96
960,2.13,L,46.54,"2023-05-03 08:03:26",13,81,96
961,1.07,Kg,14.01,"2023-05-03 08:03:26",18,39,96
962,5.00,Pezzi,71.55,"2023-05-03 08:03:26",2,168,96
963,2.95,L,54.69,"2023-05-03 08:03:26",1,82,96
964,10.00,Pezzi,120.00,"2025-03-05 11:15:37",19,73,80
965,3.22,L,46.95,"2025-03-05 11:15:37",14,135,80
966,0.21,Kg,2.29,"2025-03-05 11:15:37",13,35,80
967,10.00,Pezzi,267.20,"2025-03-05 11:15:37",11,118,80
968,4.84,Kg,15.49,"2024-07-21 12:11:30",13,13,80
969,1.53,L,44.29,"2024-07-21 12:11:30",19,120,80
970,4.58,Kg,75.30,"2024-07-21 12:11:30",7,21,80
971,1.99,Kg,16.32,"2024-07-21 12:11:30",2,99,80
972,1.00,Pezzi,20.09,"2024-07-21 12:11:30",1,164,80
973,4.69,Kg,21.67,"2023-07-21 08:26:34",6,59,15
974,2.00,Kg,36.00,"2023-07-21 08:26:34",11,84,15
975,9.00,Pezzi,96.39,"2023-07-21 08:26:34",12,68,15
976,4.99,Kg,49.95,"2024-07-21 19:16:06",3,16,39
977,3.97,Kg,36.64,"2024-07-21 19:16:06",17,62,39
978,1.81,Kg,4.40,"2024-07-21 19:16:06",4,173,39
979,3.38,Pezzi,74.77,"2025-09-18 10:36:15",5,161,32
980,1.38,Pezzi,34.53,"2025-09-18 10:36:15",1,111,32
981,1.28,Kg,33.28,"2025-09-18 10:36:15",12,32,32
982,3.00,Kg,105.00,"2025-09-18 10:36:15",15,30,32
983,4.00,Kg,18.48,"2025-09-18 10:36:15",6,59,32
984,4.48,L,30.96,"2024-07-17 11:25:13",4,6,24
985,4.50,Kg,50.94,"2025-05-25 10:53:58",10,57,81
986,2.50,Kg,15.00,"2025-05-25 10:53:58",3,147,81
987,2.00,Kg,18.06,"2025-05-25 10:53:58",12,102,81
988,2.70,Kg,55.22,"2025-05-25 10:53:58",4,76,81
989,4.00,Kg,88.00,"2025-05-25 10:53:58",20,28,81
990,4.00,Kg,43.88,"2026-01-23 11:46:16",6,170,65
991,2.00,L,17.70,"2026-01-23 11:46:16",16,3,65
992,3.00,Pezzi,43.89,"2026-01-23 11:46:16",6,169,65
993,7.00,Pezzi,35.00,"2025-09-14 10:42:59",6,109,94
994,4.17,Pezzi,32.15,"2025-09-14 10:42:59",16,175,94
995,4.89,L,29.34,"2025-09-14 10:42:59",13,95,94
996,3.54,L,51.61,"2023-10-22 13:45:54",14,135,41
997,3.00,Pezzi,11.55,"2024-02-16 12:18:23",10,116,16
998,0.99,L,11.06,"2024-01-19 11:22:14",9,74,97
999,3.00,Kg,12.42,"2025-02-20 19:43:21",14,24,51
1000,3.00,L,74.67,"2025-02-20 19:43:21",9,8,51
1001,1.00,Pezzi,18.28,"2023-02-17 10:25:54",8,17,144
1002,0.81,L,12.70,"2023-04-20 18:36:32",8,125,142
1003,176.35,Kg,1105.15,"2024-05-20 16:49:07",12,151,178
1004,1.13,Kg,8.82,"2023-12-08 11:35:01",17,59,133
1005,0.66,L,16.55,"2025-07-03 14:54:58",2,2,163
1006,1.64,Kg,15.87,"2025-12-08 11:14:40",20,85,161
1007,2.99,L,70.30,"2024-08-13 08:14:10",18,3,174
1008,3.43,L,49.42,"2024-04-06 11:51:53",20,176,166
1009,6.00,Pezzi,142.59,"2024-06-10 13:43:10",12,58,106
1010,131.93,Kg,1056.66,"2025-10-31 11:35:22",20,52,159
1011,35.94,Kg,172.21,"2026-04-04 19:14:02",13,101,160
1012,6.00,Pezzi,58.25,"2023-07-10 15:56:41",4,165,170
1013,132.18,Kg,864.22,"2025-12-03 08:51:52",5,53,129
1014,9.26,Kg,15.04,"2024-09-24 13:44:41",10,105,126
1015,9.00,Pezzi,102.86,"2023-10-25 15:10:17",5,118,178
1016,6.05,Kg,23.47,"2024-12-27 16:36:48",20,19,152
1017,7.00,Pezzi,51.07,"2023-03-02 15:47:06",2,118,100
1018,4.40,L,78.83,"2023-10-05 17:26:11",19,120,128
1019,5.91,Kg,18.61,"2024-11-07 11:39:03",16,83,121
1020,9.00,Pezzi,165.18,"2023-09-07 14:04:39",19,57,172
1021,6.46,Kg,40.22,"2023-01-14 12:10:41",6,13,138
1022,1.00,Pezzi,9.05,"2025-10-10 16:13:19",18,109,109
1023,0.54,L,6.42,"2023-05-01 11:39:40",18,82,105
1024,5.00,Pezzi,95.98,"2024-04-23 19:40:21",9,104,149
1025,7.00,Pezzi,62.11,"2025-06-20 16:47:28",12,169,112
1026,4.26,L,114.77,"2025-08-06 16:16:26",9,8,169
1027,134.95,Kg,420.49,"2024-07-14 08:16:09",20,52,108
1028,108.25,Kg,278.46,"2025-06-16 11:58:57",13,165,138
1029,4.92,L,125.81,"2025-11-22 15:05:42",13,95,107
1030,1.00,Pezzi,7.61,"2025-10-28 18:57:06",4,173,130
1031,40.63,Kg,271.63,"2025-10-02 14:55:03",6,156,167
1032,26.69,Kg,219.67,"2024-02-05 18:10:05",12,151,136
1033,2.33,L,60.12,"2024-02-18 10:24:12",6,82,131
1034,2.36,Kg,12.06,"2023-07-23 17:40:35",19,11,119
1035,2.70,Kg,15.23,"2025-04-01 16:12:25",20,85,147
1036,7.37,Kg,17.26,"2025-10-31 15:44:42",5,115,171
1037,126.26,Kg,396.76,"2026-01-17 12:25:51",5,53,153
1038,8.42,Kg,38.78,"2024-10-11 08:35:45",18,45,173
1039,6.85,Kg,42.67,"2025-11-17 12:29:05",1,20,109
1040,68.43,Kg,365.97,"2025-12-04 12:18:55",5,50,125
1041,8.38,Kg,18.33,"2024-02-12 14:03:01",20,19,121
1042,2.96,Kg,16.96,"2023-11-19 19:57:55",5,131,105
1043,100.19,Kg,971.09,"2023-11-08 09:58:49",17,49,159
1044,9.20,Kg,54.70,"2025-04-25 15:08:12",18,113,152
1045,3.86,L,96.54,"2023-04-13 18:53:36",5,4,113
1046,96.22,Kg,523.21,"2024-09-10 08:19:54",18,49,141
1047,150.04,Kg,873.38,"2023-10-14 11:25:46",4,153,136
1048,5.26,Kg,22.46,"2023-05-13 11:18:02",8,34,147
1049,3.66,L,77.66,"2025-09-23 08:40:55",16,180,100
1050,164.13,Kg,863.14,"2025-04-05 11:28:07",6,139,127
1051,7.10,Kg,24.12,"2026-03-10 11:22:55",10,17,177
1052,2.00,Pezzi,31.42,"2023-11-19 16:37:12",4,143,136
1053,0.73,L,11.63,"2024-02-24 16:09:08",15,12,119
1054,2.98,L,63.22,"2025-05-25 15:58:37",5,4,135
1055,3.26,L,29.12,"2023-09-24 13:39:46",3,75,140
1056,0.71,L,6.68,"2026-04-01 13:27:05",13,177,118
1057,10.00,Pezzi,26.32,"2025-06-03 13:11:28",18,43,156
1058,5.00,Pezzi,108.57,"2024-06-12 12:12:43",12,58,104
1059,5.00,Pezzi,120.22,"2025-02-01 17:54:11",13,36,124
1060,5.38,Kg,23.92,"2025-01-15 14:40:48",13,83,128
1061,9.00,Pezzi,44.26,"2026-01-31 12:29:45",6,170,126
1062,58.29,Kg,301.93,"2024-08-01 09:17:48",17,50,118
1063,1.86,L,23.98,"2026-04-09 13:01:59",20,92,174
1064,4.62,L,87.08,"2024-09-25 11:24:06",4,179,130
1065,9.00,Pezzi,128.85,"2023-02-21 08:06:37",2,43,103
1066,136.18,Kg,215.93,"2026-03-09 10:38:22",17,62,118
1067,181.65,Kg,515.72,"2025-03-17 17:21:18",4,99,109
1068,4.79,Kg,17.42,"2024-05-26 12:39:25",13,35,145
1069,140.41,Kg,392.39,"2024-04-05 19:46:53",6,165,153
1070,0.83,Kg,7.09,"2026-04-03 14:20:16",2,34,168
1071,3.49,L,66.66,"2024-06-23 19:46:07",1,90,177
1072,2.34,L,62.20,"2023-08-06 13:31:53",13,137,158
1073,4.69,Kg,9.19,"2024-12-29 08:40:29",15,30,147
1074,4.00,Pezzi,90.71,"2024-12-08 14:44:46",5,72,146
1075,4.93,L,102.88,"2023-12-08 09:48:16",15,3,126
1076,7.37,Kg,33.81,"2025-09-02 14:36:17",6,173,158
1077,2.00,L,41.96,"2024-07-30 08:48:19",17,8,151
1078,1.67,L,42.18,"2026-03-01 19:25:10",10,122,165
1079,0.81,L,21.21,"2025-10-09 10:52:57",14,135,159
1080,1.79,L,46.99,"2024-04-15 17:49:27",6,90,135
1081,170.48,Kg,1277.13,"2026-04-06 14:27:26",16,150,158
1082,4.27,Kg,40.78,"2024-04-09 12:21:21",18,60,160
1083,5.05,Kg,42.57,"2025-06-01 13:21:44",14,160,166
1084,2.72,L,58.40,"2023-10-06 15:34:30",15,15,100
1085,4.97,L,82.03,"2024-09-07 16:27:02",13,1,176
1086,4.33,Kg,36.28,"2025-06-02 19:19:39",16,159,119
1087,9.19,Kg,89.58,"2023-07-08 13:58:12",9,34,158
1088,2.00,Pezzi,6.43,"2025-02-03 14:55:24",20,70,175
1089,100.98,Kg,373.80,"2024-11-02 14:36:31",13,165,164
1090,4.20,Kg,7.92,"2026-01-02 11:06:34",8,34,138
1091,1.93,L,24.09,"2024-07-15 08:07:22",8,125,127
1092,2.30,Kg,13.01,"2024-10-11 09:15:00",8,23,123
1093,8.00,Pezzi,155.59,"2025-09-23 12:38:24",8,146,113
1094,7.86,Kg,13.19,"2024-08-27 14:56:45",5,160,103
1095,3.98,L,91.18,"2024-12-17 18:10:30",4,82,118
1096,1.00,Pezzi,17.38,"2025-11-20 13:53:56",10,124,130
1097,4.00,Pezzi,71.61,"2025-10-07 16:51:03",17,119,153
1098,4.93,L,102.88,"2023-08-03 15:57:25",3,136,117
1099,4.00,Pezzi,57.67,"2024-02-18 10:54:48",6,170,176
1100,3.62,L,35.14,"2023-11-24 13:16:25",15,12,130
1101,186.26,Kg,714.85,"2025-03-31 11:50:45",19,151,153
1102,3.73,Kg,28.77,"2024-11-27 17:18:32",2,170,172
1103,0.51,L,5.76,"2025-05-31 16:11:20",6,82,127
1104,2.12,L,46.62,"2023-09-24 18:05:34",13,94,148
1105,168.77,Kg,1517.17,"2024-06-16 15:57:10",3,62,152
1106,7.00,Pezzi,146.22,"2025-01-12 13:59:04",7,72,177
1107,2.00,Pezzi,30.61,"2024-08-22 12:03:44",4,173,121
1108,4.96,L,56.08,"2023-04-03 14:12:34",6,128,148
1109,9.00,Pezzi,91.45,"2025-08-08 16:40:29",17,133,157
1110,196.72,Kg,638.64,"2024-10-20 18:46:47",14,100,154
1111,7.00,Pezzi,162.80,"2025-07-22 17:24:09",9,71,117
1112,4.10,Kg,28.29,"2024-11-20 11:21:17",13,114,137
1113,90.28,Kg,643.35,"2024-08-24 10:54:03",4,139,171
1114,5.47,Kg,25.71,"2024-11-15 13:34:09",8,115,156
1115,5.57,Kg,41.73,"2024-01-21 17:06:44",11,84,130
1116,8.74,Kg,19.97,"2023-05-02 16:40:34",9,26,151
1117,1.08,L,22.73,"2026-02-14 09:12:45",3,137,147
1118,50.07,Kg,270.67,"2025-08-13 13:23:33",2,168,142
1119,93.89,Kg,627.22,"2025-10-07 10:47:44",13,101,151
1120,169.86,Kg,389.76,"2025-07-24 15:02:45",13,101,104
1121,187.37,Kg,530.20,"2025-09-30 15:50:45",5,175,160
1122,9.00,Pezzi,95.36,"2025-02-25 11:26:38",5,42,122
1123,3.02,Kg,15.75,"2024-03-26 13:06:49",7,85,135
1124,5.00,Pezzi,124.01,"2025-02-25 11:50:10",6,71,147
1125,2.77,L,56.34,"2023-09-11 14:30:41",20,122,129
1126,1.50,Kg,10.58,"2025-05-15 13:08:07",4,60,144
1127,9.00,Pezzi,162.56,"2024-10-15 17:14:08",13,118,116
1128,180.91,Kg,510.08,"2023-01-26 18:49:12",6,48,167
1129,3.04,L,86.58,"2025-03-16 13:04:57",7,121,166
1130,2.36,Kg,13.83,"2026-01-01 12:18:56",7,154,175
1131,4.39,L,113.20,"2025-04-29 10:32:03",20,179,180
1132,3.90,Kg,22.62,"2024-02-11 10:44:01",15,18,132
1133,142.35,Kg,1005.70,"2023-04-14 12:13:11",10,139,149
1134,117.40,Kg,215.93,"2023-05-12 09:37:24",4,145,174
1135,5.04,Kg,8.34,"2026-02-04 15:49:19",2,6,179
1136,8.28,Kg,24.51,"2025-04-28 08:33:13",15,38,179
1137,195.53,Kg,1725.84,"2023-07-25 19:31:32",14,150,117
1138,2.64,L,45.07,"2026-04-08 09:00:46",10,9,169
1139,4.00,Pezzi,20.16,"2026-01-31 08:38:11",18,43,100
1140,3.34,L,73.31,"2023-10-25 17:29:39",18,74,117
1141,5.00,Pezzi,108.46,"2025-12-13 13:42:09",17,119,157
1142,3.55,Kg,21.11,"2026-03-12 08:44:07",17,11,150
1143,5.54,Kg,50.88,"2023-03-20 10:44:08",7,105,122
1144,166.31,Kg,712.09,"2025-11-22 08:03:31",4,157,113
1145,2.47,L,35.74,"2023-11-13 13:37:49",7,121,122
1146,7.00,Pezzi,76.95,"2024-11-03 14:34:32",3,147,112
1147,6.44,Kg,19.72,"2025-08-22 17:37:26",9,26,151
1148,7.00,Pezzi,67.68,"2023-05-15 14:26:12",2,88,146
1149,6.00,Pezzi,42.02,"2025-07-11 18:48:23",19,57,109
1150,2.65,L,65.73,"2025-05-12 15:25:54",6,128,100
1151,133.67,Kg,1317.95,"2025-03-06 16:55:56",19,156,137
1152,2.00,Pezzi,33.02,"2023-09-17 17:13:42",8,35,105
1153,2.15,Kg,3.37,"2024-04-21 09:38:28",19,34,175
1154,2.13,Kg,10.74,"2024-04-08 15:48:34",5,19,147
1155,8.00,Pezzi,174.82,"2024-03-18 09:43:38",19,57,144
1156,135.13,Kg,1004.08,"2024-02-21 15:18:16",3,155,133
1157,2.00,Pezzi,8.86,"2023-04-07 12:56:05",2,88,110
1158,8.19,Kg,19.27,"2023-08-25 16:32:27",17,110,123
1159,6.04,Kg,14.23,"2024-12-13 09:52:54",19,76,118
1160,5.00,Pezzi,44.54,"2023-07-26 11:00:24",13,36,130
1161,35.66,Kg,226.22,"2024-01-09 10:52:24",14,99,142
1162,7.83,Kg,55.17,"2023-06-12 17:38:58",15,18,115
1163,129.21,Kg,1206.52,"2023-09-10 09:21:45",11,52,168
1164,8.60,Kg,17.23,"2024-02-07 17:44:53",12,113,167
1165,6.00,Pezzi,131.92,"2023-07-01 16:08:31",18,142,158
1166,5.83,Kg,35.52,"2025-07-09 14:26:59",11,13,101
1167,1.00,Pezzi,8.03,"2023-11-10 11:17:03",2,164,114
1168,1.91,Kg,18.45,"2025-06-05 14:03:19",9,80,105
1169,6.57,Kg,30.86,"2024-11-06 18:13:19",12,32,176
1170,1.58,Kg,8.35,"2024-02-09 09:00:33",4,112,119
1171,1.39,Kg,7.01,"2026-02-02 12:51:41",7,18,170
1172,126.45,Kg,1236.12,"2024-08-26 10:25:17",16,102,179
1173,4.69,L,126.22,"2024-07-18 18:21:01",20,93,145
1174,2.84,Kg,19.05,"2023-06-10 13:26:05",17,154,103
1175,1.31,L,25.13,"2023-05-25 19:54:01",10,128,138
1176,168.16,Kg,398.95,"2024-11-03 10:52:27",4,141,130
1177,64.98,Kg,380.06,"2024-09-21 14:04:37",19,67,133
1178,4.99,Kg,28.46,"2023-01-17 15:55:32",17,11,168
1179,2.44,Kg,22.81,"2025-12-15 17:23:43",4,6,117
1180,3.00,Pezzi,37.21,"2024-01-10 10:01:06",12,119,128
1181,9.74,Kg,38.65,"2024-01-20 15:19:43",1,115,112
1182,6.00,Pezzi,85.13,"2024-08-20 15:51:04",3,41,122
1183,0.83,L,21.04,"2026-01-03 17:59:41",6,93,179
1184,2.87,Kg,26.59,"2023-11-10 09:47:03",3,110,177
1185,4.00,Pezzi,26.31,"2023-11-15 15:24:41",20,118,175
1186,101.85,Kg,497.71,"2026-02-22 18:28:37",4,141,167
1187,6.00,Pezzi,110.86,"2025-09-07 11:18:37",1,68,171
1188,0.98,L,8.26,"2025-07-12 09:23:49",14,128,104
1189,6.87,Kg,22.69,"2023-04-16 09:35:11",6,85,164
1190,3.32,L,87.72,"2025-05-11 11:29:30",10,122,105
1191,195.63,Kg,950.97,"2025-09-21 11:20:00",1,102,136
1192,185.85,Kg,889.39,"2025-05-04 16:20:03",1,53,173
1193,190.19,Kg,894.86,"2023-12-06 19:06:02",19,59,151
1194,124.98,Kg,791.02,"2023-01-23 13:48:08",17,62,149
1195,5.31,Kg,23.91,"2026-02-07 17:11:21",16,17,113
1196,3.00,Pezzi,10.63,"2023-05-03 12:51:20",11,118,125
1197,4.08,L,111.14,"2023-06-18 08:17:28",8,4,122
1198,2.39,L,14.84,"2025-04-22 19:27:02",6,1,103
1199,0.53,L,15.55,"2025-07-31 13:58:31",13,130,164
1200,2.12,Kg,19.22,"2025-04-04 15:49:04",16,86,121
